[
  {
    "_id": "686bf8268d422a1c69a88381",
    "action": "DELETE",
    "collection": "vendors",
    "itemId": "6863e7124c5f7f75e119f7f2",
    "operator": "unknown",
    "createdAt": "2025-07-07T16:39:02.527Z",
    "__v": 0
  },
  {
    "_id": "686bf8478d422a1c69a8838c",
    "action": "CREATE",
    "collection": "vendors",
    "itemId": "686bf8478d422a1c69a88389",
    "operator": "unknown",
    "payload": {
      "chineseName": "华为",
      "englishName": "2234sdw"
    },
    "createdAt": "2025-07-07T16:39:35.893Z",
    "__v": 0
  },
  {
    "_id": "686bf8bd8d422a1c69a883bf",
    "action": "DELETE",
    "collection": "vendors",
    "itemId": "6863e7604c5f7f75e119f7f9",
    "operator": "CHINAUNICOM_ADMIN",
    "createdAt": "2025-07-07T16:41:33.919Z",
    "__v": 0
  },
  {
    "_id": "686d1bf8940714c4792bdf60",
    "action": "CREATE",
    "collection": "vendors",
    "itemId": "686d1bf8940714c4792bdf5b",
    "operator": "unknown",
    "payload": {
      "chineseName": "华为",
      "englishName": "2234sdw"
    },
    "createdAt": "2025-07-08T13:24:08.242Z",
    "__v": 0
  },
  {
    "_id": "686d2057aa799a18cdc42566",
    "action": "CREATE",
    "collection": "vendors",
    "itemId": "686d2057aa799a18cdc42561",
    "operator": "%E7%AE%A1%E7%90%86%E5%91%98",
    "payload": {
      "chineseName": "华为",
      "englishName": "2234sdw"
    },
    "createdAt": "2025-07-08T13:42:47.987Z",
    "__v": 0
  },
  {
    "_id": "686d2074aa799a18cdc42571",
    "action": "CREATE",
    "collection": "vendors",
    "itemId": "686d2074aa799a18cdc4256c",
    "operator": "%E7%AE%A1%E7%90%86%E5%91%98",
    "payload": {
      "chineseName": "华为",
      "englishName": "erwer43 fgdfg"
    },
    "createdAt": "2025-07-08T13:43:16.896Z",
    "__v": 0
  },
  {
    "_id": "686d24e0aa799a18cdc4258f",
    "action": "DELETE",
    "collection": "vendors",
    "itemId": "686d2074aa799a18cdc4256c",
    "operator": "%E7%AE%A1%E7%90%86%E5%91%98",
    "payload": {
      "chineseName": "华为",
      "englishName": "erwer43 fgdfg"
    },
    "createdAt": "2025-07-08T14:02:08.361Z",
    "__v": 0
  },
  {
    "_id": "686d251f36b0a07d96216895",
    "action": "CREATE",
    "collection": "vendors",
    "itemId": "686d251f36b0a07d96216890",
    "operator": "管理员",
    "payload": {
      "chineseName": "华为",
      "englishName": "kkkk"
    },
    "createdAt": "2025-07-08T14:03:11.701Z",
    "__v": 0
  },
  {
    "_id": "686d255736b0a07d9621689f",
    "action": "CREATE",
    "collection": "vendors",
    "itemId": "686d255736b0a07d9621689b",
    "operator": "管理员",
    "payload": {
      "chineseName": "华为",
      "englishName": "kkkk"
    },
    "createdAt": "2025-07-08T14:04:07.019Z",
    "__v": 0
  },
  {
    "_id": "686d256b36b0a07d962168a8",
    "action": "CREATE",
    "collection": "vendors",
    "itemId": "686d256b36b0a07d962168a5",
    "operator": "管理员",
    "payload": {
      "chineseName": "华为",
      "englishName": "kkkk"
    },
    "createdAt": "2025-07-08T14:04:27.010Z",
    "__v": 0
  },
  {
    "_id": "686d259c36b0a07d962168b1",
    "action": "CREATE",
    "collection": "vendors",
    "itemId": "686d259c36b0a07d962168ae",
    "operator": "管理员",
    "payload": {
      "chineseName": "华为",
      "englishName": "23k1"
    },
    "createdAt": "2025-07-08T14:05:16.288Z",
    "__v": 0
  },
  {
    "_id": "686d27de7ce4bceaf82410e5",
    "action": "CREATE",
    "collection": "vendors",
    "itemId": "686d27de7ce4bceaf82410e2",
    "operator": "管理员",
    "payload": {
      "chineseName": "华为",
      "englishName": "23k1b"
    },
    "createdAt": "2025-07-08T14:14:54.805Z",
    "__v": 0
  },
  {
    "_id": "686d284bca8cf83f7937a022",
    "action": "CREATE",
    "collection": "vendors",
    "itemId": "686d284bca8cf83f7937a01f",
    "operator": "管理员",
    "payload": {
      "chineseName": "华为",
      "englishName": "23k1bc"
    },
    "createdAt": "2025-07-08T14:16:43.591Z",
    "__v": 0
  },
  {
    "_id": "686d2885ca8cf83f7937a02b",
    "action": "CREATE",
    "collection": "vendors",
    "itemId": "686d2885ca8cf83f7937a028",
    "operator": "管理员",
    "payload": {
      "chineseName": "华为",
      "englishName": "2331"
    },
    "createdAt": "2025-07-08T14:17:41.559Z",
    "__v": 0
  },
  {
    "_id": "686d29071350581960b12ec3",
    "action": "CREATE",
    "collection": "vendors",
    "itemId": "686d29071350581960b12ec0",
    "operator": "管理员",
    "payload": {
      "chineseName": "华为",
      "englishName": "2331www"
    },
    "createdAt": "2025-07-08T14:19:51.671Z",
    "__v": 0
  },
  {
    "_id": "686d292b1350581960b12ed8",
    "action": "CREATE",
    "collection": "vendors",
    "itemId": "686d292b1350581960b12ed5",
    "operator": "管理员",
    "payload": {
      "chineseName": "华为",
      "englishName": "2331www1"
    },
    "createdAt": "2025-07-08T14:20:27.842Z",
    "__v": 0
  },
  {
    "_id": "686d295261a78c334b5381e9",
    "action": "CREATE",
    "collection": "vendors",
    "itemId": "686d295261a78c334b5381e6",
    "operator": "管理员",
    "payload": {
      "chineseName": "华为",
      "englishName": "2331www12"
    },
    "createdAt": "2025-07-08T14:21:06.894Z",
    "__v": 0
  },
  {
    "_id": "686d2baf1b28c5a0a05c9f65",
    "action": "CREATE",
    "collection": "vendors",
    "itemId": "686d2baf1b28c5a0a05c9f62",
    "operator": "管理员",
    "payload": {
      "chineseName": "华为",
      "englishName": "2331www12321"
    },
    "createdAt": "2025-07-08T14:31:11.828Z",
    "__v": 0
  },
  {
    "_id": "686d2bc91b28c5a0a05c9f6e",
    "action": "CREATE",
    "collection": "vendors",
    "itemId": "686d2bc91b28c5a0a05c9f6b",
    "operator": "管理员",
    "payload": {
      "chineseName": "华为",
      "englishName": "2331www12321"
    },
    "createdAt": "2025-07-08T14:31:37.263Z",
    "__v": 0
  },
  {
    "_id": "686d2bec9f459999e2701dd7",
    "action": "CREATE",
    "collection": "vendors",
    "itemId": "686d2bec9f459999e2701dd4",
    "operator": "管理员",
    "payload": {
      "chineseName": "华为",
      "englishName": "2331www12321123"
    },
    "createdAt": "2025-07-08T14:32:12.998Z",
    "__v": 0
  },
  {
    "_id": "686d2cd6e50f164b2e6d2329",
    "action": "CREATE",
    "collection": "vendors",
    "itemId": "686d2cd6e50f164b2e6d2326",
    "operator": "管理员",
    "payload": {
      "chineseName": "华为",
      "englishName": "23"
    },
    "createdAt": "2025-07-08T14:36:06.753Z",
    "__v": 0
  },
  {
    "_id": "686d2cf3e50f164b2e6d2333",
    "action": "CREATE",
    "collection": "vendors",
    "itemId": "686d2cf3e50f164b2e6d232f",
    "operator": "管理员",
    "payload": {
      "chineseName": "华为",
      "englishName": "23123"
    },
    "createdAt": "2025-07-08T14:36:35.566Z",
    "__v": 0
  },
  {
    "_id": "686d2e0cff06aecc9995cd55",
    "action": "CREATE",
    "collection": "vendors",
    "itemId": "686d2e0cff06aecc9995cd51",
    "operator": "管理员",
    "payload": {
      "chineseName": "华为",
      "englishName": "23123kk"
    },
    "createdAt": "2025-07-08T14:41:16.615Z",
    "__v": 0
  },
  {
    "_id": "686d2fa36a4ee4029b76e42e",
    "action": "CREATE",
    "collection": "vendors",
    "itemId": "686d2fa36a4ee4029b76e42a",
    "operator": "管理员",
    "payload": {
      "chineseName": "华为",
      "englishName": "23123kkttt"
    },
    "createdAt": "2025-07-08T14:48:03.338Z",
    "__v": 0
  },
  {
    "_id": "686d2ffa6a4ee4029b76e444",
    "action": "CREATE",
    "collection": "vendors",
    "itemId": "686d2ffa6a4ee4029b76e440",
    "operator": "管理员",
    "payload": {
      "chineseName": "华为",
      "englishName": "23123kkttt"
    },
    "createdAt": "2025-07-08T14:49:30.192Z",
    "__v": 0
  },
  {
    "_id": "686d31714a892c2e78ce6695",
    "action": "CREATE",
    "collection": "vendors",
    "itemId": "686d31714a892c2e78ce6691",
    "operator": "管理员",
    "payload": {
      "chineseName": "华为",
      "englishName": "23123kktttdsfdsfd"
    },
    "createdAt": "2025-07-08T14:55:45.058Z",
    "__v": 0
  },
  {
    "_id": "686d33266e109d6ad4cfda81",
    "action": "CREATE",
    "collection": "vendors",
    "itemId": "686d33266e109d6ad4cfda7e",
    "operator": "管理员",
    "payload": {
      "chineseName": "华为aaaaaaa",
      "englishName": "2234sdw"
    },
    "createdAt": "2025-07-08T15:03:02.640Z",
    "__v": 0
  },
  {
    "_id": "6870d57e08c1f876fe516a14",
    "action": "CREATE",
    "collection": "vendors",
    "itemId": "6870d57e08c1f876fe516a11",
    "operator": "管理员",
    "payload": {
      "chineseName": "华为",
      "englishName": "2234sdw"
    },
    "createdAt": "2025-07-11T09:12:30.091Z",
    "__v": 0
  },
  {
    "_id": "6870d7c2497f1692e098914c",
    "action": "CREATE",
    "collection": "vendors",
    "itemId": "6870d7c2497f1692e0989149",
    "operator": "管理员",
    "payload": {
      "chineseName": "华为",
      "englishName": "2234sdw"
    },
    "createdAt": "2025-07-11T09:22:10.153Z",
    "__v": 0
  },
  {
    "_id": "6870d8ef22eceffc5c17ee0f",
    "action": "CREATE",
    "collection": "vendors",
    "itemId": "6870d8ef22eceffc5c17ee0c",
    "operator": "管理员",
    "payload": {
      "chineseName": "华为",
      "englishName": "2234sdw11e"
    },
    "createdAt": "2025-07-11T09:27:11.607Z",
    "__v": 0
  },
  {
    "_id": "6870d9f4ca5762af745bd57c",
    "action": "CREATE",
    "collection": "vendors",
    "itemId": "6870d9f4ca5762af745bd579",
    "operator": "管理员",
    "payload": {
      "chineseName": "测试用",
      "englishName": "cscscs"
    },
    "createdAt": "2025-07-11T09:31:32.064Z",
    "__v": 0
  },
  {
    "_id": "6870da1dca5762af745bd58d",
    "action": "CREATE",
    "collection": "vendors",
    "itemId": "6870da1dca5762af745bd58a",
    "operator": "管理员",
    "payload": {
      "chineseName": "Log——test",
      "englishName": "Log——test"
    },
    "createdAt": "2025-07-11T09:32:13.057Z",
    "__v": 0
  },
  {
    "_id": "687124c18a214b375a8c8b0d",
    "action": "CREATE",
    "collection": "vendors",
    "itemId": "687124c18a214b375a8c8b0a",
    "operator": "Yunkai kou",
    "payload": {
      "chineseName": "华为",
      "englishName": "Log——test"
    },
    "createdAt": "2025-07-11T14:50:41.852Z",
    "__v": 0
  },
  {
    "_id": "6874d0839218ee2cf43aeb36",
    "action": "UPDATE",
    "collection": "vendors",
    "itemId": "686b895d512117643cf4d5d7",
    "operator": "CHINAUNICOM_ADMIN",
    "payload": {
      "chineseName": "华为",
      "englishName": "testtttttt_1011www"
    },
    "createdAt": "2025-07-14T09:40:19.255Z",
    "__v": 0
  },
  {
    "_id": "6876124e4e606ce2746ea2c5",
    "action": "DELETE",
    "collection": "quotations",
    "itemId": "6876108a4e606ce2746ea296",
    "operator": "管理员",
    "payload": {
      "productName": "smartphone",
      "supplier": "TD SYNNEX"
    },
    "createdAt": "2025-07-15T08:33:18.997Z",
    "__v": 0
  },
  {
    "_id": "6876189abf5517c27ad4c1bf",
    "action": "CREATE",
    "collection": "vendors",
    "itemId": "6876189abf5517c27ad4c1bc",
    "operator": "CHINAUNICOM_ADMIN",
    "payload": {
      "chineseName": "testtttttt_1011www",
      "englishName": "testtttttt_1011www"
    },
    "createdAt": "2025-07-15T09:00:10.631Z",
    "__v": 0
  },
  {
    "_id": "687619d39deeb99fddd25f58",
    "action": "CREATE",
    "collection": "quotations",
    "itemId": "687619d39deeb99fddd25f56",
    "operator": "unknown",
    "payload": {
      "productName": "test123221",
      "supplier": "test"
    },
    "createdAt": "2025-07-15T09:05:23.279Z",
    "__v": 0
  },
  {
    "_id": "68761ae0dc049fb117651663",
    "action": "CREATE",
    "collection": "quotations",
    "itemId": "68761ae0dc049fb117651661",
    "operator": "管理员",
    "payload": {
      "productName": "ceshi1",
      "supplier": "test"
    },
    "createdAt": "2025-07-15T09:09:52.290Z",
    "__v": 0
  },
  {
    "_id": "68762d361426154b1091563c",
    "action": "EXPORT",
    "collection": "logs",
    "itemId": null,
    "operator": "system",
    "payload": {
      "month": "2025-06"
    },
    "createdAt": "2025-07-15T10:28:06.365Z",
    "__v": 0
  },
  {
    "_id": "68762d6c45500513b049b52a",
    "action": "EXPORT",
    "collection": "logs",
    "itemId": null,
    "operator": "system",
    "payload": {
      "month": "2025-06"
    },
    "createdAt": "2025-07-15T10:29:00.398Z",
    "__v": 0
  },
  {
    "_id": "68762e3833c7ec0460435475",
    "action": "EXPORT",
    "collection": "logs",
    "itemId": null,
    "operator": "system",
    "payload": {
      "label": "2025-07",
      "count": 40
    },
    "createdAt": "2025-07-15T10:32:24.667Z",
    "__v": 0
  }
]